{"cameraMode":{"drawMode":0,"name":"Shaded","section":"Shading Mode"},"sceneLighting":true,"audioPlay":false,"sceneViewState":{"showFog":true,"showMaterialUpdate":false,"showSkybox":true,"showFlares":true,"showImageEffects":true,"showParticleSystems":true},"in2DMode":false,"pivot":{"x":-4.003578186035156,"y":6.815121650695801,"z":4.302422523498535},"rotation":{"x":-0.028798801824450494,"y":0.0215863399207592,"z":-0.0006221451913006604,"w":-0.9993541836738586},"size":31.054832458496095,"orthographic":false}